CUSTOMRECORD_4572	4572 Custom Record
CUSTOMRECORD_4599	4599 Custom Record
CUSTOMRECORD_4599_CUSTOM_FIELD	4599 GL Export Custom Field
CUSTOMRECORD_4599_SYS_NOTE	4599 System Note
CUSTOMRECORD_4599_TRANCHILD	4599 Transaction Child
CUSTOMRECORD_CU_API_ERROR_TRAN_AUDIT	API Error Transaction Audit
CUSTOMRECORD_CU_API_EVENT_LOG	API Event Log
CUSTOMRECORD_AVA1099BATCHES	AVA1099BATCHES
CUSTOMRECORD_AVA1099CONFIG	AVA1099CONFIG
CUSTOMRECORD_AVA1099SUBSIDIARIES	AVA1099SUBSIDIARIES
CUSTOMRECORD_AVAADDVALFLAG	AVAADDRESSVALFLAG
CUSTOMRECORD_AVAADDRESSVALIDATIONBATCH	AVAADDRESSVALIDATIONBATCH
CUSTOMRECORD_AVAADDVALIDATIONBATCHRECORD	AVAADDVALIDATIONBATCHRECORDS
CUSTOMRECORD_AVACERTCAPTUREBATCH	AVACERTCAPTUREBATCH
CUSTOMRECORD_AVACERTEMAIL	AVACERTEMAIL
CUSTOMRECORD_AVACONFIG	AVACONFIG
CUSTOMRECORD_AVACONFIGSETTINGS	AVACONFIGSETTINGS
CUSTOMRECORD_AVACOORDINATES	AVACOORDINATES
CUSTOMRECORD_AVACUSTOMEREXEMPTMAPPING	AVACUSTOMEREXEMPTMAPPING
CUSTOMRECORD_AVACUSTOMERSTOCERTCAPTURE	AVACUSTOMERSTOCERTCAPTURE
CUSTOMRECORD_AVADELETEOLDRECORD	AVADELETEOLDRECORDBATCH
CUSTOMRECORD_AVAENTITYUSECODES	AVAENTITYUSECODES
CUSTOMRECORD_AVAENTITYUSEMAPPING	AVAENTITYUSEMAPPING
CUSTOMRECORD_AVAIMSBATCH	AVAIMSBATCH
CUSTOMRECORD_AVAIMSDETAILS	AVAIMSDETAILS
CUSTOMRECORD_AVAITEMMAPPING	AVAITEMMAPPING
CUSTOMRECORD_AVARECALCULATEBATCH	AVARECALCULATEBATCH
CUSTOMRECORD_AVARECONCILEBATCH	AVARECONCILEBATCH
CUSTOMRECORD_AVARECONCILEBATCHRECORDS	AVARECONCILEBATCHRECORDS
CUSTOMRECORD_AVASHIPPINGCODES	AVASHIPPINGCODES
CUSTOMRECORD_AVASHIPPINGITEMCODES	AVASHIPPINGITEMCODES
CUSTOMRECORD_AVASUBSIDIARIES	AVASUBSIDIARIES
CUSTOMRECORD_AVATAXHEADERDETAILS	AVATAXHEADERDETAILS
CUSTOMRECORD_AVATRANSACTIONLOGS	AVATRANSACTIONLOGS
CUSTOMRECORD_AVATWOWAYIMSBATCH	AVATWOWAYIMSBATCH
CUSTOMRECORD_AVATWOWAYIMSDETAILS	AVATWOWAYIMSDETAILS
CUSTOMRECORD_AVAUSETAXHEADERDETAILS	AVAUSETAXHEADERDETAILS
CUSTOMRECORD_VATADDRESSES	AVAVATADDRESSES
CUSTOMRECORD_VENDORVATADDRESSES	AVAVENDORVATADDRESSES
CUSTOMRECORD_SUITEL10N_JP_NON_OP_DAY	Annual Holiday Date
CUSTOMRECORD_CU_APPROVAL_DELEGATE	Approval Delegate
CUSTOMRECORD_ASYNC_REST_JOB	Async REST Job
CUSTOMRECORD_ATLAS_BDW_TASK_TYPE	Atlas BDW Task Type
CUSTOMRECORD_BDW_BUNDLE	BDW Bundle
CUSTOMRECORD_BDW_BUNDLE_FLDR_CLN	BDW Bundle Folder Cleanup
CUSTOMRECORD_BDW_BUNDLE_TEMPLATE	BDW Bundle Template
CUSTOMRECORD_BDW_CENTER_TAB_ASSIGN	BDW Center Tab Assignment
CUSTOMRECORD_ATLAS_BDW_CL_STEP	BDW Checklist Step
CUSTOMRECORD_ATLAS_BDW_CL_STEP_LIST	BDW Checklist Step List
CUSTOMRECORD_ATLAS_BDW_CL_STEP_TYPE	BDW Checklist Step Type
CUSTOMRECORD_BDW_COUNTRY	BDW Country
CUSTOMRECORD_BDW_CUSTOM_FLD_UPDATE	BDW Custom Field Update
CUSTOMRECORD_BDW_DASHBOARD_TILE	BDW Dashboard Tile
CUSTOMRECORD_BDW_DASH_TILE_RPT_LINK	BDW Dashboard Tile Report Link
CUSTOMRECORD_BDW_DISABLE_FEATURE	BDW Disable Feature
CUSTOMRECORD_BDW_ENABLE_PLUG_IN	BDW Enable Plug In
CUSTOMRECORD_BDW_FEATURE_UPDATE	BDW Feature Update
CUSTOMRECORD_BDW_FIXED_ASSET_MGMT	BDW Fixed Asset Management
CUSTOMRECORD_BDW_FORM_CREATION	BDW Form Creation
CUSTOMRECORD_BDW_FORM_FIELD_UPDATE	BDW Form Field Update
CUSTOMRECORD_BDW_FORM_FIELD_TEMPLATE	BDW Form Field Update Bundle Template
CUSTOMRECORD_BDW_FF_TEMP_LINK	BDW Form Field Update Template Link
CUSTOMRECORD_BDW_FORM_PRINTING_TYPE	BDW Form Printing Type
CUSTOMRECORD_BDW_FORM_TRANSLATION	BDW Form Translation
CUSTOMRECORD_BDW_GLOBAL_BASE	BDW Global Base
CUSTOMRECORD_BDW_KPI_SCORE_UPDATE	BDW KPI Scorecard Update
CUSTOMRECORD_BDW_MEMORY	BDW Memory
CUSTOMRECORD_BDW_NAV_PORT_RPT_LINK	BDW Navigation Portlet Report Link
CUSTOMRECORD_BDW_PREF_UPDATE	BDW Preference Update
CUSTOMRECORD_BDW_REGION	BDW Region
CUSTOMRECORD_BDW_REPORT_UPDATE	BDW Report Update
CUSTOMRECORD_BDW_ROLE_ALIAS	BDW Role Alias
CUSTOMRECORD_BDW_ROLE_CREATION	BDW Role Creation
CUSTOMRECORD_BDW_ROLE_PERM	BDW Role Permission
CUSTOMRECORD_BDW_ROLE_PERM_TEMPLATE	BDW Role Permission Bundle Template
CUSTOMRECORD_BDW_RP_TEMP_LINK	BDW Role Permission Template Link
CUSTOMRECORD_BDW_ROLE_UPDATE	BDW Role Update
CUSTOMRECORD_BDW_SS_CREATION	BDW Saved Search Creation
CUSTOMRECORD_BDW_SCORECARD_REM_KPI	BDW Scorecard Remove KPI
CUSTOMRECORD_BDW_SCRIPT_DEPLOYMENT	BDW Script Deployment
CUSTOMRECORD_BDW_SCRIPT_D_TEMPLATE	BDW Script Deployment Bundle Template
CUSTOMRECORD_BDW_SD_TEMP_LINK	BDW Script Deployment Template Link
CUSTOMRECORD_BDW_SUITEAPP_FLDR_CLN	BDW SuiteApp Folder Cleanup
CUSTOMRECORD_BDW_WORKFLOW_CREATION	BDW Workflow Creation
CUSTOMRECORD_BG_PROCINSTANCE	BG Process Instance
CUSTOMRECORD_BG_PROCLOG	BG Process Log
CUSTOMRECORD_BG_QUEUEINSTANCE	BG Queue Instance
CUSTOMRECORD_BG_SUMMARYRECORD	BG Summary Records
CUSTOMRECORD_JP_MIGRATION_STATUS	Batch Migration Status
CUSTOMRECORD_BOL_PREFERENCES	Bill of Lading Preferences
CUSTOMRECORD_BL001_ACCOUNT_KEY_FIELD	BlackLine Account Key Fields
CUSTOMRECORD_BL001_NSCONNECTOR_EXPORTLOG	BlackLine Data Conn Export Log
CUSTOMRECORD_BL004_JOURNAL_LOG	BlackLine Data Connect Journal API Log
CUSTOMRECORD_BL001_NSCONNECTOR_STATUS	BlackLine Data Connect Profile
CUSTOMRECORD_BL001_CONNECTOR_SETUP	BlackLine Data Connect Setup
CUSTOMRECORD_BL001_PERSIST_SEARCH_RUN_LG	BlackLine Persist Search Run Log
CUSTOMRECORD_BL001_PROXY_RECORD	BlackLine Web Service Script
CUSTOMRECORD_BL001_NSCONNECTOR_QUERY	Blackline Data Connect Temp Queries
CUSTOMRECORD_CU_BULK_INV_CHARGE_DETAIL	Bulk Invoice Charge Detail
CUSTOMRECORD_CU_BULK_INV_CHARGE_LINE	Bulk Invoice Charge Line
CUSTOMRECORD_CU_CORE_WH_REQ_AUDIT	CORE Webhook Request Audit
CUSTOMRECORD_CU_SLACK_CHANNEL	CU - Slack Channel
CUSTOMRECORD_CU_SN_NOTIFICATION	CU - Slack Notification
CUSTOMRECORD_CU_ERROR_LOG	CU CSV Processing Error Log
CUSTOMRECORD_CU_CSV_TF_CONFIG	CU CSV Transform Configuration
CUSTOMRECORD_CU_CSV_TF_RESULT	CU CSV Transform Processing Result
CUSTOMRECORD_CU_PDN_QUERY_CONFIG	CU PDN Query Configuration
CUSTOMRECORD_CU_PDN_SEND_BATCH	CU PDN Send Batch
CUSTOMRECORD_CU_PDN_SEND_LOG	CU PDN Send Log
CUSTOMRECORD_CU_S3_CONFIG	CU S3 File Processing Configuration
CUSTOMRECORD_CU_PDN_NOTICE_HISTORY	CU | Past Due Notice History
CUSTOMRECORD_CASH360_ACCOUNT	Cash 360 Account
CUSTOMRECORD_CASH360_ACCOUNTCATEGORY	Cash 360 Account Category
CUSTOMRECORD_CASH360_CATEGORYMANAGER	Cash 360 Account Category Manager
CUSTOMRECORD_CASH360_ADHOCMANAGER	Cash 360 Adhoc Manager
CUSTOMRECORD_CASH360_PREFERENCE	Cash 360 Preferences
CUSTOMRECORD_CHARGEBACK	Chargeback
CUSTOMRECORD_CHARGEBACK_NOTIFICATION	Chargeback Notification
CUSTOMRECORD_CHARGEBACK_SETTINGS	Chargeback setting
CUSTOMRECORD_8299_CLIENT_AUDIT_TRAIL	Client Audit Trail
CUSTOMRECORD_SUITEL10N_JP_CLOSING_DAY	Closing Day
CUSTOMRECORD_CU_VOUCHER	Collectors Club Vouchers
CUSTOMRECORD_ATLAS_CPR_COMMISSIONLOG	Commission Log
CUSTOMRECORD_TSS_CONFIGURATION_SKYDOCV2	Configuration SkyDoc
CUSTOMRECORD_CU_COST_CENTER	Cost Center
CUSTOMRECORD_COUNTRY	Country
CUSTOMRECORD_JP3867_DOC_NBR	Customer Invoice Summary Doc Nbr
CUSTOMRECORD_SCM_CUSTOMERPARTNUMBER	Customer Part Number
CUSTOMRECORD_CU_CUST_PROCESS_TRANS_REQ	Customer Processing Transaction Requests
CUSTOMRECORD_CU_VE_TRANSFORM	Customer To Vendor Transform
CUSTOMRECORD_DT_TILE	Dashboard Tile
CUSTOMRECORD_DT_TRANSLATIONS	Dashboard Tile Translations
CUSTOMRECORD_CU_DESCOPE_INTEGRATE_TOKEN	Descope Integration Token
CUSTOMRECORD_DAD_FILE	DnD File
CUSTOMRECORD_DAD_FILE_HTML	DnD File Html
CUSTOMRECORD_SCM_ECN_IMPLEMENT_ECO_LOG	ECO Implementation Log
CUSTOMRECORD_ED_PREFERENCE	ED Preferences
CUSTOMRECORD_ECSL_AUDIT_TRAIL_DTL	ESL Audit Trail Details
CUSTOMRECORD_ECSL_AUDIT_TRAIL_HDR	ESL Audit Trail Summary
CUSTOMRECORD_CU_ECHO_PMT_MANIFEST	Echo Payment Manifest
CUSTOMRECORD_CU_ECHO_PMT_CM_MAPPING	Echo Payment Manifest CM Mapping
CUSTOMRECORD_JP_ETRAN_DATA	Electronic Transaction Data
CUSTOMRECORD_ENGINE_SEQUENCE	Engine Sequence
CUSTOMRECORD_SCM_ECN_ENGR_CHANGE_ORDER	Engineering Change Order
CUSTOMRECORD_SCM_ECO_DETAIL	Engineering Change Order Detail
CUSTOMRECORD_SCM_ECN_ECO_TYPE	Engineering Change Order Type
CUSTOMRECORD_FISPAN_VENDOR_BANK_DETAILS	Entity Bank Details (FI) 
CUSTOMRECORD_FISPAN_VBD_LOG	Entity Bank Details (FI) Log
CUSTOMRECORD_CU_EXPO_CHILD	Expo Table
CUSTOMRECORD_NCFAR_ALTDEPRECIATION	FAM Alternate Depreciation
CUSTOMRECORD_NCFAR_ALTMETHODS	FAM Alternate Methods
CUSTOMRECORD_NCFAR_ASSET	FAM Asset
CUSTOMRECORD_NCFAR_ASSETPROPOSAL	FAM Asset Proposal
CUSTOMRECORD_FAM_ASSETREGISTERREPLINE	FAM Asset Register Rep Line
CUSTOMRECORD_FAM_ASSETREGISTERREP	FAM Asset Register Report
CUSTOMRECORD_FAM_ASSETRESETDATA	FAM Asset Reset Data
CUSTOMRECORD_FAM_ASSETSUMMARYREPLINE	FAM Asset Summary Rep Line
CUSTOMRECORD_FAM_ASSETSUMMARYREP	FAM Asset Summary Report
CUSTOMRECORD_NCFAR_TRANSFERACCOUNTS	FAM Asset Transfer Accounts
CUSTOMRECORD_NCFAR_ASSETTYPE	FAM Asset Type
CUSTOMRECORD_NCFAR_ASSETUSAGE	FAM Asset Usage
CUSTOMRECORD_FAM_ASSETVALUES	FAM Asset Values
CUSTOMRECORD_NCFAR_ALTDEPRDEF	FAM Default Alt Depreciation
CUSTOMRECORD_NCFAR_DEPRHISTORY	FAM Depreciation History
CUSTOMRECORD_NCFAR_DEPRMETHOD	FAM Depreciation Method
CUSTOMRECORD_FAM_DEPRMONTHREPORTLINE	FAM Depreciation Monthly Report Line
CUSTOMRECORD_FAM_DEPRSCHEDREPORT	FAM Depreciation Schedule Report
CUSTOMRECORD_FAM_DEPRSCHEDREPORTLINE	FAM Depreciation Schedule Report Line
CUSTOMRECORD_NCFAR_EXPENSEINCOME	FAM Expense/Income
CUSTOMRECORD_ASSETLIFETIMES	FAM Lifetimes
CUSTOMRECORD_FAM_PAPERSIZE	FAM Paper Size
CUSTOMRECORD_FAM_PROCESS	FAM Process
CUSTOMRECORD_NCFAR_ALTDEPR_PROPOSAL	FAM Proposal Alt Depreciation
CUSTOMRECORD_FAM_RECENT_DIAGNOSIS	FAM Recent Diagnosis
CUSTOMRECORD_REPAIRMAINTCATEGORY	FAM Repair & Maint Category
CUSTOMRECORD_REPAIRMAINTSUBCATEGORY	FAM Repair & Maint Sub A
CUSTOMRECORD_REPAIRMAINTSUBCATEGORYB	FAM Repair & Maint Sub B
CUSTOMRECORD_FAM_REPORT	FAM Report
CUSTOMRECORD_FAM_REPORT_TEMPLATE	FAM Report Template
CUSTOMRECORD_FAM_SPECIALDEPRECIATION	FAM Special Depreciation
CUSTOMRECORD_NCFAR_SYSTEMSETUP	FAM System Setup
CUSTOMRECORD_FAM_TPAF_MAPPING	FAM Transaction Field Map
CUSTOMRECORD_DAD_ENABLED_RECORD_TYPE	File Drag and Drop Record Type
CUSTOMRECORD_TSS_GD_SKYDOC_INTEGRATION	GDrive Skydoc Integration Matching Issue
CUSTOMRECORD_TAF_REP_CONFIG	GoBD TAF Report Config
CUSTOMRECORD_CU_GRADING_CERT_DETAIL	Grading Service Detail
CUSTOMRECORD_MODE_OF_TRANSPORT	ITR Mode of Transport
CUSTOMRECORD_STATISTICAL_PROCEDURE	ITR Statistical Procedure
CUSTOMRECORD_SUPPLEMENTARY_UNIT	ITR Supplementary Unit
CUSTOMRECORD_ITR_SYSTEM_PARAMETER	ITR System Parameter
CUSTOMRECORD_ATLAS_INV_ADJ_REASN	Inventory Adjustment Reason
CUSTOMRECORD_SUITEL10N_JP_IDS_GEN_BATCH	Invoice Summary Generation Batch
CUSTOMRECORD_JP_LOC_GEN_REQUEST	Invoice Summary Generation Request
CUSTOMRECORD_ITEM360_USER_ACCESS	Item 360 Access
CUSTOMRECORD_ITEM360_CRITERIA_CONFIG	Item 360 Criteria Configuration
CUSTOMRECORD_ITEM360_CRITERIA_GRID	Item 360 Criteria Grid
CUSTOMRECORD_EDP_ITEM_CATEGORY	Item Category
CUSTOMRECORD_CU_ITEM_GENRE	Item Genre
CUSTOMRECORD_CU_ITEM_NOTE	Item Notes
CUSTOMRECORD_ITEM_REJECTION_REASON	Item Rejection Reason
CUSTOMRECORD_SCM_ITEM_SUBSTITUTE	Item Substitute
CUSTOMRECORD_JPMC_CONF	J.P. Morgan Plugin Configuration
CUSTOMRECORD_JPMC_TRANSACTIONS	J.P. Morgan Transaction Info
CUSTOMRECORD_JPMC_USER_CUSTOMIZATION	J.P. Morgan User Customization
CUSTOMRECORD_JP_COMP_INCOME_REPORTS	JP Comparative Income Statement Reports
CUSTOMRECORD_JP_CUSTOMER_HIERARCHY	JP Customer Hierarchy
CUSTOMRECORD_JP_DOCUMENT_TYPE	JP Document Type
CUSTOMRECORD_JP_L10N_COMPONENT	JP L10n Component
CUSTOMRECORD_JP_PRINTHISTORY	JP Print History
CUSTOMRECORD_JP_SEND_RECEIVE	JP Send or Receive
CUSTOMRECORD_JP_BLSHEET_REPORTS	Japan Balance Sheet Reports
CUSTOMRECORD_JP_CASHFLOW_REPORTS	Japan Cash Flow Statement Reports
CUSTOMRECORD_JP_COMP_BLSHEET_REPORTS	Japan Comparative Balance Sheet Reports
CUSTOMRECORD_JP_FIN_REPORT_DATA	Japan Financial Report Data
CUSTOMRECORD_JP_INCOME_REPORTS	Japan Income Statement Reports
CUSTOMRECORD_JP_REPORT_PREFERENCE	Japan Report Preference
CUSTOMRECORD_JP_TAXADJDETAILS	Japan Tax Adjustment Details
CUSTOMRECORD_CU_LANDED_COST_ADJUSTMENT	Landed Cost Adjustment
CUSTOMRECORD_CU_LANDED_COST_ADJ_DETAIL	Landed Cost Adjustment Detail
CUSTOMRECORD_CU_LCA_PO_SUMMARY	Landed Cost Adjustment PO Summary
CUSTOMRECORD_LNDD_CST_RCRD_UPDT_JB	Landed Cost Records Update Job
CUSTOMRECORD_SCM_LC_PROFILE	Landed Cost Template
CUSTOMRECORD_SCM_LC_PROFILE_DETAIL	Landed Cost Template Detail
CUSTOMRECORD_SCM_LC_MAPPING	Landed Cost Template Mapping
CUSTOMRECORD_LSA	Last Sales Activity Record
CUSTOMRECORD_FAM_LEASECONTRACT	Lease Contract
CUSTOMRECORD_FAM_LEASEPAYMENTS	Lease Payments
CUSTOMRECORD_8299_LICENSE_CACHE	License Cache
CUSTOMRECORD_8299_LICENSE_SERVER	License Server Details
CUSTOMRECORD_CSEGMH_CSEG_1	MH SS Setup Custom segment 1 CS
CUSTOMRECORD_CSEGMH_CSEG_2	MH SS Setup Custom segment 2 CS
CUSTOMRECORD_CSEGMH_CSEG_3	MH SS Setup Custom segment 3 CS
CUSTOMRECORD_MOSS_PROVISIONING_STATUS	MOSS Provisioning Status
CUSTOMRECORD_TAF_SETUPCONFIG_VALUE	MX Setup Configuration
CUSTOMRECORD_CU_MNTNCE_SRVC_RECORDS	Maintenance and Service Records
CUSTOMRECORD_CU_MK_DESCRIPTIVE	Market Place - Descriptive
CUSTOMRECORD_CUSTBOL_MASTER_REC_TYPE	Master Record Type
CUSTOMRECORD_MH_XML_CONFIG_UPLOAD_RECORD	Merchandise Hierarchy XML Files
CUSTOMRECORD_MOBILE_ACCOUNT_PREF	Mobile - Account Preference
CUSTOMRECORD_MOBILE_ACTION	Mobile - Action
CUSTOMRECORD_MOBILE_ACTION_TYPES	Mobile - Action Type
CUSTOMRECORD_MOBILE_ACCOUNT_SETUP_QUEUE	Mobile - App Setup Queue
CUSTOMRECORD_MOBILE_APPLICATION_DEFAULTS	Mobile - Application Default
CUSTOMRECORD_MOBILE_APP_RESTLET_CONFIG	Mobile - Application Restlet
CUSTOMRECORD_MOBILE_INJECTION_REC_TYPES	Mobile - Config Record Type
CUSTOMRECORD_MOBILE_INJECTION_VAL_TYPES	Mobile - Config Value Type
CUSTOMRECORD_MOBILE_CONFIG_INJECTION	Mobile - Configuration
CUSTOMRECORD_MOBILE_CONTENT_AREA	Mobile - Content Area
CUSTOMRECORD_MOBILE_CONFIG_TABLE_COLUMN	Mobile - Custom Column
CUSTOMRECORD_MOBILE_CONFIG_TABLE_COLUMNS	Mobile - Custom Column Setup
CUSTOMRECORD_MOBILE_DATA_TYPE	Mobile - Data Type
CUSTOMRECORD_MOBILE_DEPENDENCYLOOKUP	Mobile - Dependency Lookup
CUSTOMRECORD_MOBILE_HTTP_METHODS	Mobile - HTTP Method
CUSTOMRECORD_MOBILE_IMPORTED_PROCESS	Mobile - Imported Process
CUSTOMRECORD_MOBILE_INFO_SCREEN_ELEMENT	Mobile - Info Screen Element
CUSTOMRECORD_MOBILE_PARAM	Mobile - Input Parameter
CUSTOMRECORD_MOBILE_INTERIM_ELK_LOGS	Mobile - Interim ELK Logs
CUSTOMRECORD_MOBILE_LABELS	Mobile - Label
CUSTOMRECORD_MOBILE_HIBC_LIC_CODE	Mobile - Labeler ID
CUSTOMRECORD_MOBILE_LAYOUT	Mobile - Layout
CUSTOMRECORD_MOBILE_MENU_ITEMS	Mobile - Menu Item
CUSTOMRECORD_MOBILE_MESSAGES	Mobile - Message
CUSTOMRECORD_MOBILE_OUTPUT_CONFIGURATION	Mobile - Output Parameter
CUSTOMRECORD_MOBILE_PAGE	Mobile - Page
CUSTOMRECORD_MOBILE_PAGE_ELEMENT	Mobile - Page Element
CUSTOMRECORD_MOBILE_ELEMENT_SIZES	Mobile - Page Element Size
CUSTOMRECORD_MOBILE_ELEMENT_TYPES	Mobile - Page Element Type
CUSTOMRECORD_MOBILE_IND_PAGE_MAPPING	Mobile - Page Mapping
CUSTOMRECORD_MOBILE_PAGE_TYPE	Mobile - Page Type
CUSTOMRECORD_MOBILE_ACT_PREF_KEYS	Mobile - Preference Key
CUSTOMRECORD_MOBILE_PRINT_REPORTS	Mobile - Print Reports
CUSTOMRECORD_MOBILE_PROCESS	Mobile - Process
CUSTOMRECORD_MOBILE_REGISTERED_APPS	Mobile - Registered App
CUSTOMRECORD_MOBILE_CONFIG_DATA_TABLES	Mobile - Setup Details
CUSTOMRECORD_MOBILE_SEQ_SUB_ACTIONS	Mobile - Sub-action
CUSTOMRECORD_MOBILE_TABLE_COLUMN	Mobile - Table Column
CUSTOMRECORD_MOBILE_TABLE_CONFIGURATION	Mobile - Table Configuration
CUSTOMRECORD_MOBILE_TEXT_STYLE	Mobile - Text Style
CUSTOMRECORD_MOBILE_TOGGLE_STATES	Mobile - Toggle State
CUSTOMRECORD_MOBILE_TABLE_COL_LOCATION	Mobile - Trans Tbl Col Loc
CUSTOMRECORD_MOBILE_TBL_FOOTER_BUTTON	Mobile - Trans Tbl Footer Btn
CUSTOMRECORD_TRANSLATION_TEXT	Mobile - Translation Text
CUSTOMRECORD_MOBILE_CONFIG_COL_MERGE_CRI	Mobile Configuration - Merge
CUSTOMRECORD_MOBILE_CUSTOM_COL_MERGE_CRI	Mobile Customization - Merge
CUSTOMRECORD_WD_NAW_WORKFLOW_EXCEP	NAW workflow exceptions
CUSTOMRECORD_NO_2DIGIT_MAPPING	NO-SAFT 2Digit Mapping
CUSTOMRECORD_NO_4DIGIT_MAPPING	NO-SAFT 4Digit Mapping
CUSTOMRECORD_2DIGIT_ACCOUNT_VALUES	NO-SAFT: 2 Digit Standard Accounts
CUSTOMRECORD_4DIGIT_ACCOUNT_VALUES	NO-SAFT: 4 Digit Standard Accounts
CUSTOMRECORD_NO_SUB_TAX_CODES	NO-SAFT: Alternative Tax Codes
CUSTOMRECORD_NO_INCOME_MAPPER_KEYVALUE	NO-SAFT: Income Statement Mapping
CUSTOMRECORD_NO_IN_MAPPER_1167_KEYVALUE	NO-SAFT: Income Statement Mapping 1167
CUSTOMRECORD_NO_IN_MAPPER_1175_KEYVALUE	NO-SAFT: Income Statement Mapping 1175
CUSTOMRECORD_NO_IN_MAPPER_1323_KEYVALUE	NO-SAFT: Income Statement Mapping 1323
CUSTOMRECORD_INCOME_STATEMENT_1167	NO-SAFT: Income Statement RF-1167
CUSTOMRECORD_INCOME_STATEMENT_1175	NO-SAFT: Income Statement RF-1175
CUSTOMRECORD_INCOME_STATEMENT_1323	NO-SAFT: Income Statement RF-1323
CUSTOMRECORD_NO_STANDARD_TAX_CODES	NO-SAFT: Standard Tax Codes
CUSTOMRECORD_NO_STD_TAX_KEYVALUE	NO-SAFT: Standard Tax Codes Mapping
CUSTOMRECORD_NSAPM_PTS_SETUPSUMMARY	NSAPM PTS Set Up Summary
CUSTOMRECORD_NSAPM_RPM_SETUP_DATE_RANGE	NSAPM RPM SetUp Date Range
CUSTOMRECORD_NSAPM_RPM_SETUP_RECORDPAGES	NSAPM RPM SetUp Record Pages
CUSTOMRECORD_NSAPM_RPM_SETUP_GENERAL	NSAPM RPM Setup General
CUSTOMRECORD_NSAPM_SETUP_EMPLOYEE_ACCESS	NSAPM Setup Employees Access
CUSTOMRECORD_NSAPM_SETUP_PARENT	NSAPM Setup Parent
CUSTOMRECORD_NSAPM_SETUP_ROLES_ACCESS	NSAPM Setup Roles Access
CUSTOMRECORD_TRANSACTION_NATURE	Nature of Transaction
CUSTOMRECORD_NOTC	Nature of Transaction Codes
CUSTOMRECORD_NOTC_DEFAULT	Nature of Transaction Default
CUSTOMRECORD_NAV_CATEGORY	Navigation Category
CUSTOMRECORD_NAV_SHORTCUT	Navigation Shortcut
CUSTOMRECORD_NAV_SHORTCUTGROUP	Navigation Shortcut Group
CUSTOMRECORD_NAV_SHORTCUT_TOOLTIP	Navigation Shortcut Tooltip
CUSTOMRECORD_DA_AR_AGING_PMT_APP	NetLoan AR Aging Payment Application
CUSTOMRECORD_DA_BUSINESS_DAY_CALENDAR	NetLoan Business Day Calendar
CUSTOMRECORD_DA_CREDIT_APPLICATION	NetLoan Credit Application
CUSTOMRECORD_DA_CUSTOM_CALENDAR	NetLoan Custom Calendar
CUSTOMRECORD_DA_CUSTOM_CALENDAR_PERIOD	NetLoan Custom Calendar Period
CUSTOMRECORD_DA_CUSTOM_FILTER	NetLoan Custom Filter
CUSTOMRECORD_DA_CUSTOM_SOURCING	NetLoan Custom Sourcing
CUSTOMRECORD_DA_FINANCING_OPTION	NetLoan Financing Option
CUSTOMRECORD_DA_GLOBAL_SETTINGS	NetLoan Global Settings
CUSTOMRECORD_DA_HOLIDAY	NetLoan Holiday
CUSTOMRECORD_DA_INVESTOR_OWNERSHIP	NetLoan Investor Ownership
CUSTOMRECORD_DA_LOAN	NetLoan Loan
CUSTOMRECORD_DA_LOAN_MODIFICATION	NetLoan Modification Proposal
CUSTOMRECORD_DA_LOAN_MODIFICATION_REASON	NetLoan Modification Reason
CUSTOMRECORD_DA_LOAN_PAYMENT	NetLoan Payment
CUSTOMRECORD_DA_LOAN_PAYMENT_REQUEST	NetLoan Payment Request
CUSTOMRECORD_DA_LOAN_PAYMENT_REQUEST_APP	NetLoan Payment Request Application
CUSTOMRECORD_DA_PAYMENT_STATUS	NetLoan Payment Status
CUSTOMRECORD_DA_PAYMENT_TYPE	NetLoan Payment Type
CUSTOMRECORD_DA_LOAN_RATE	NetLoan Rate
CUSTOMRECORD_DA_RATE_INDEX	NetLoan Rate Index
CUSTOMRECORD_DA_RECLASS_JE_TYPE	NetLoan Reclass Journal Type
CUSTOMRECORD_DA_REPORT	NetLoan Report
CUSTOMRECORD_DA_REPORT_COLUMN	NetLoan Report Column
CUSTOMRECORD_DA_LSE_SCHEDULE_LINE	NetLoan Schedule Line
CUSTOMRECORD_DA_CACHE	NetLoan Selection Cache
CUSTOMRECORD_DA_LOAN_STATEMENT	NetLoan Statement
CUSTOMRECORD_DA_STMT_TEMPLATE	NetLoan Statement Template
CUSTOMRECORD_DA_SYSTEM_JOB	NetLoan System Job
CUSTOMRECORD_DA_SYSTEM_JOB_BATCH	NetLoan System Job Batch
CUSTOMRECORD_DA_TRANSACTION_PROCESSING	NetLoan Transaction Processing
CUSTOMRECORD_DA_LOAN_TYPE	NetLoan Type
CUSTOMRECORDPACKSHIP_NONDELIVERY_SHPMNT	Nondelivery Shipment
CUSTOMRECORD_CU_OKTA_INTEGRATE_TOKEN	Okta Integration Token
CUSTOMRECORD_ONLINE_FILING	Online Filing
CUSTOMRECORD_FILING_AUTHORIZATION	Online Filing Authorization
CUSTOMRECORD_FILING_CONFIG	Online Filing Configuration
CUSTOMRECORD_FILING_TEMPLATE	Online Filing Template
CUSTOMRECORD_OB_ORG_TREE	Org Browser Tree
CUSTOMRECORD_PT_MR_TASK_SUMMARY	PT SAFT Scheduled Task Summary
CUSTOMRECORD_PT_TAXONOMY_REFERENCE	PT Taxonomy Reference
CUSTOMRECORD_PACKSHIP_AUTOGENERATE_TYPES	PackShip - Autogenerated ID Format
CUSTOMRECORD_PACKSHIP_CARRIERS	PackShip - Carrier
CUSTOMRECORD_PACKSHIP_CARRIER_SERVICES	PackShip - Carrier Service
CUSTOMRECORD_PACKSHIP_CARTON_ORDER_MAP	PackShip - Carton-Order Id Map
CUSTOMRECORD_PACKSHIP_COMPANY_DETAILS	PackShip - Company Details
CUSTOMRECORD_PACKSHIP_DIMENSION_UNITS	PackShip - Dimension Unit
CUSTOMRECORD_PACKSHIP_CUST_ENCRYP_KEY	PackShip - Encryption Key
CUSTOMRECORD_PACKSHIP_GROUP_TYPE	PackShip - Group Type
CUSTOMRECORD_PACKSHIP_LHS_VALUE_TYPE	PackShip - LHS Value Type
CUSTOMRECORD_PACKSHIP_LIST_PRINT_PARENT	PackShip - List Print Parent Record
CUSTOMRECORD_PACKSHIP_CARTON	PackShip - Pack Carton
CUSTOMRECORD_PACKSHIP_PACKAGE	PackShip - Package
CUSTOMRECORD_PACKSHIP_CARTONITEM	PackShip - Packed Item
CUSTOMRECORD_PACKSHIP_CARTONITEMDETAILS	PackShip - Packed Item Details
CUSTOMRECORD_PACKSHIP_SHIPUNITTYPE	PackShip - Packing Item
CUSTOMRECORD_PACKSHIP_PALLET	PackShip - Pallet
CUSTOMRECORD_PRINT_CARRIERINFO	PackShip - Print Carrier Information
CUSTOMRECORD_PACKSHIP_PRINT_CART_AND_ITM	PackShip - Print Carton And Items
CUSTOMRECORD_PACKSHIP_ORDERINFO	PackShip - Print Customer Order Info
CUSTOMRECORD_PACKSHIP_PRINT_ITMS_IN_CART	PackShip - Print Items In Cartons
CUSTOMRECORD_PRINTING_DATA	PackShip - Printed Shipping Data
CUSTOMRECORD_PACKSHIP_RULE	PackShip - Rule
CUSTOMRECORD_PACKSHIP_RULE_CONDITION	PackShip - Rule Condition
CUSTOMRECORD_PACKSHIP_RULE_DATATYPE	PackShip - Rule Data Type
CUSTOMRECORD_PACKSHIP_RULE_ENABLE_OPTION	PackShip - Rule Enable Options
CUSTOMRECORD_PACKSHIP_RULE_GROUP	PackShip - Rule Group
CUSTOMRECORD_PACKSHIP_RG_TYPE	PackShip - Rule Group Type
CUSTOMRECORD_PACKSHIP_RG_VAL_SOURCE	PackShip - Rule Group Value Source
CUSTOMRECORD_PACKSHIP_RULE_LHS	PackShip - Rule LHS
CUSTOMRECORD_PACKSHIP_RULE_OPERATORS	PackShip - Rule Operator
CUSTOMRECORD_PACKSHIP_SHIPMANIFEST	PackShip - Shipment
CUSTOMRECORD_PACKSHIP_CUSTOMER_API_KEY	PackShip - Shipping API Key
CUSTOMRECORD_PACKSHIP_SHIPPING_COST_DIST	PackShip - Shipping Cost Distribution
CUSTOMRECORD_PACKSHIP_WEIGH_SCALE_UNITS	PackShip - Weight Unit
CUSTOMRECORD_AUTO_PRINTRULEDATA	PackShip Auto Printing Rule data
CUSTOMRECORD_PACKSHIP_LOCKRECORD	PackShip Lock Record
CUSTOMRECORD_CU_PACKING_SLIP_MANIFEST	Packing Slip Manifest
CUSTOMRECORD_CUT_OFF_DATE	Payment Due Date
CUSTOMRECORD_JP4030_DUEMONTH	Payment Due Month
CUSTOMRECORD_SUITEL10N_JP_PAYMENT_TERM	Payment Term
CUSTOMRECORD_CU_PP_ARCHIVAL_CONFIG	PowerPack Archival Configuration
CUSTOMRECORD_PP_SERIAL_NUMBER	PowerPack Serial Number
CUSTOMRECORD_PP_BATCH_SERIAL_NUMBER	PowerPack Serial Number Batch
CUSTOMRECORD_EDP_PRICE_DETAIL_UPDATE	Price Detail Update
CUSTOMRECORD_EDP_PRICE_UPDATE	Price Update
CUSTOMRECORD_EDP_ERROR_LOGS	Price Update Error Messages
CUSTOMRECORD_EDP_PRICE_UPDATE_SYS_NOTES	Price Update Logs
CUSTOMRECORD_PRINT_APIKEY_HANDLE	Print - API Key Handle
CUSTOMRECORD_PRINT_ACCOUNT_PREFERENCE	Print - Account Preference
CUSTOMRECORD_PRINT_ACOUNT_PREFERENCE_KEY	Print - Account Preference Key
CUSTOMRECORD_PRINT_WHITELIST_IP_ADDRESS	Print - Allowlist Ip Address
CUSTOMRECORD_PRINT_AUDIT	Print - Audit
CUSTOMRECORD_PRINT_DATA_TYPE	Print - Data Type
CUSTOMRECORD_PRINT_FILESERVING_MAP	Print - File Service Map
CUSTOMRECORD_PRINT_FUNCTION_REGISTRY	Print - Function Registry
CUSTOMRECORD_PRINT_OPERATOR	Print - Operator
CUSTOMRECORD_PRINT_PRINTER_TYPE	Print - Printer Type
CUSTOMRECORD_PRINT_PRINTERS	Print - Printers
CUSTOMRECORD_PRINT_REPORT_TYPE	Print - Report Type
CUSTOMRECORD_PRINT_CRITERIA_DETAIL	Print - Rule Criteria
CUSTOMRECORD_PRINT_RULE_GROUP	Print - Rule Group
CUSTOMRECORD_PRINT_RULE_MAPPINGS	Print - Rule Mappings
CUSTOMRECORD_PRINT_RULE_VALUES	Print - Rule Values
CUSTOMRECORD_PRINT_SESSION_PRINTER	Print - Session Printer
CUSTOMRECORD_PRINT_PRINTSTATUS	Print - Status
CUSTOMRECORD_PRINT_TEMPLATES	Print - Templates
CUSTOMRECORD_CU_PROSHIP_SHIPMENTS_BATCH	ProShip Shipments Batch
CUSTOMRECORD_CU_PROSHIP_SHIPMENTS_DETAIL	ProShip Shipments Detail
CUSTOMRECORD_CU_PROJECT_CODE	Project Code
CUSTOMRECORD_CU_REFUND_ALLOC	Refund Allocation
CUSTOMRECORD_REGIME_CODE	Regime Code
CUSTOMRECORD_CU_REJECT_REASON	Rejection Reason
CUSTOMRECORD_REPORT_PREFERENCES_MAPPING	Report Preferences Mapping
CUSTOMRECORD_TAF_REPORT_TASK	Report Task
CUSTOMRECORD_TSS_ROLES_PER_SKYDOC_V2	Roles Permission SkyDoc
CUSTOMRECORD_SCM_DPS_TASKVIEW	SCM DPS Task View
CUSTOMRECORD_SCM_DPS_USERDISPLAY	SCM DPS User Display
CUSTOMRECORD_SCM_PREFERENCES	SCM Preferences
CUSTOMRECORD_SCM_PRINTREPORTLOG	SCM Print Report Log
CUSTOMRECORD_SII_LIST_VAL	SII List Values
CUSTOMRECORD_SII_REG_ERROR_CODES	SII Registration Error Codes
CUSTOMRECORD_STC_CONFIG_FIELDS	STC Config Fields
CUSTOMRECORD_STC_CONFIG_VALUES	STC Config Values
CUSTOMRECORD_STC_NEXUS_CONFIGURATION	STC Nexus Configuration
CUSTOMRECORD_STC_PPD_QUEUE	STC Prompt Payment Discount Queue
CUSTOMRECORD_CU_SF_INTEGRATE_TOKEN	SalesForce Integration Token
CUSTOMRECORD_PACKING_ROLE	Ship Central Packing
CUSTOMRECORD_PACKSHIP_SHIPPREFERENCE	Ship Central Preferences
CUSTOMRECORD_SHIPPING_ROLE	Ship Central Shipping
CUSTOMRECORD_PACKSHIP_LOG_TRANSACTIONS	ShipCentral - API Log Transactions
CUSTOMRECORD_SHIPCENTRALCOUNTRY	ShipCentral Country
CUSTOMRECORD_PACKSHIP_CONTENTS	Shipment Contents
CUSTOMRECORD_PACKSHIP_LABEL_REFERENCE	Shipping Label Reference
CUSTOMRECORD_TSS_SKYDOC_MIGRATION_ERRORS	SkyDoc Auto Upload Errors
CUSTOMRECORD_TSS_SKYDOC_MIGRATION_STATS	SkyDoc Auto Upload Stats
CUSTOMRECORD_TSS_AWS_TO_NS_FOLDER	SkyDoc Folders
CUSTOMRECORD_TSS_AWS_S3_NS_FILE_RECORD	SkyDoc: File
CUSTOMRECORD_TSS_SKYDOC_AUTO_UPLOAD	Skydoc Auto Upload
CUSTOMRECORD_SKYDOC_EXTERNALEMAIL_UPLOAD	Skydoc External Upload Email
CUSTOMRECORD_CUSTBOL_STANDALONE_REC_TYPE	Standalone Record Type
CUSTOMRECORD_STATUTORY_COA	Statutory Chart of Accounts
CUSTOMRECORD_CU_STRIPE_PAYMENT_METHOD	Stripe Payment Method
CUSTOMRECORD_TAF_SEARCH_TASK	Sub Search Task Record
CUSTOMRECORD_SUBNAV_SETTINGS	SubNav - Settings
CUSTOMRECORD_SUITEL10N_JP_SUB_NON_OP_DAY	Subsidiary Holiday
CUSTOMRECORD_ATLAS_FINWORKBOOK_STRINGS	SuiteSuccess FinWB Strings
CUSTOMRECORD_ATLAS_PROWORKBOOK_STRINGS	SuiteSuccess Proc WB Strings
CUSTOMRECORD_TAF_JOB	TAF Job
CUSTOMRECORD_MAPPER_KEYVALUE	TAF Mapping
CUSTOMRECORD_MAPPER_CATEGORY	TAF Mapping Category
CUSTOMRECORD_MAPPER_FILTER	TAF Mapping Filter
CUSTOMRECORD_MAPPER_VALUES	TAF Mapping Value
CUSTOMRECORD_NORWAY_MAPPER_KEYVALUE	TAF Norway Mapping
CUSTOMRECORD_TAF_REPORT_THRESHOLD	TAF Report Threshold Configuration
CUSTOMRECORD_TAF_SETUPCONFIG	TAF Setup Configuration Fields
CUSTOMRECORD_TAF_CONFIGURATION	Tax Audit Files Configuration
CUSTOMRECORD_TAX_CACHE	Tax Cache
CUSTOMRECORD_TAX_CACHE_DETAIL	Tax Cache Detail
CUSTOMRECORD_4572_TAX_CATEGORY	Tax Category
CUSTOMRECORD_TAX_FIELD_NOTATION	Tax Field Notation
CUSTOMRECORD_TAX_FIELD	Tax Field Schema
CUSTOMRECORD_TAX_FORM	Tax Form Schema
CUSTOMRECORDPACKSHIP_TAX_ID_TYPE	Tax Id Type
CUSTOMRECORD_PACKSHIP_TAXIDS	Tax Identifiers
CUSTOMRECORD_TAX_REPORT_MAP_OPTION	Tax Report Map Option
CUSTOMRECORD_TAX_REPORT_MAP	Tax Report Mapper
CUSTOMRECORD_TAX_REPORT_MAP_DETAILS	Tax Report Mapper Details
CUSTOMRECORD_TAX_TEMPLATE	Tax Report Template
CUSTOMRECORD_TEMPLATE_ATTACHMENT	Tax Template Attachment
CUSTOMRECORD_TEMPLATE_CONTENT	Tax Template Content
CUSTOMRECORD_PACKSHIP_TAXABLE_ENTITY	Taxable Entity
CUSTOMRECORD_CU_TAXES_BY_BUISINESS	Taxes By Business
CUSTOMRECORD_CU_TAXES_MATRIX_MAIN	Taxes Matrix
CUSTOMRECORD_PACKSHIP_CUST_3RDPARTY_ACC	Third-Party Billing Accounts
CUSTOMRECORD_CU_TOKEN_SERVICE_PROVIDER	Token Service Provider
CUSTOMRECORD_INTRASTAT_REGION	Transaction Region
CUSTOMRECORD_TRANTYPELIST	Transaction Type List
CUSTOMRECORD_SHIPCOUNTRY_UOM	Unit Conversion per Country
CUSTOMRECORD_TAX_RETURN_SETUP_ITEM	VAT Online Configuration
CUSTOMRECORD_VATONLINE_DETAIL	VAT Online Submitted Detail
CUSTOMRECORD_VATONLINE_SUBMITTEDPERIOD	VAT Online Submitted Periods
CUSTOMRECORD_ATLAS_VENDOR_CERT_REC	Vendor Certification
CUSTOMRECORD_CU_VENDOR_ITEM_PRICE	Vendor Item Price
CUSTOMRECORD_CU_VENDOR_NOTE	Vendor Notes
CUSTOMRECORD_CU_EBAY_DISPUTE_HOLDS	eBay Dispute/Holds
CUSTOMRECORD_CU_EBAY_INTEGRATE_TOKEN	eBay Integration Token
CUSTOMRECORD_CU_EBAY_OTHER_FEES	eBay Other Fees
CUSTOMRECORD_CU_EBAY_PAY	eBay Payments
CUSTOMRECORD_CU_EBAY_PAY_LISTING_DETAIL	eBay Payments Listing Detail
CUSTOMRECORD_CU_EBAY_REFUND_CREDITS	eBay Refunds/Credits